"","Costs","QALYs"
"No treatment","2436.43 (2277.28 ,2601.36)","5.037 (4.882 ,5.186)"
"Alendronate","2394.18 (2225.38 ,2597.55)","5.041 (4.884 ,5.189)"
"Incremental Alendrenote - no treatment","-42.26 (-123.14 ,86.23)","0.00405 (0.000152 ,0.00748)"
